{"gstin":"33AAAFS8849D1ZC","ret_period":"032024","sup_details":{"osup_zero":{"samt":0,"csamt":0.0,"txval":0.0,"camt":0,"iamt":0.0},"osup_nil_exmp":{"samt":0,"csamt":0,"txval":0.0,"camt":0,"iamt":0},"osup_nongst":{"samt":0,"csamt":0,"txval":0.0,"camt":0,"iamt":0},"osup_det":{"samt":54000.0,"csamt":0.0,"txval":600000.0,"camt":54000.0,"iamt":0.0},"isup_rev":{"samt":0.0,"csamt":0.0,"txval":0.0,"camt":0.0,"iamt":0.0}},"inter_sup":{"unreg_details":[],"comp_details":[],"uin_details":[]},"itc_elg":{"itc_avl":[{"samt":0.0,"csamt":0.0,"ty":"IMPS","camt":0.0,"iamt":0.0},{"samt":0.0,"csamt":0.0,"ty":"IMPG","camt":0.0,"iamt":0.0},{"samt":0.0,"csamt":0.0,"ty":"ISRC","camt":0.0,"iamt":0.0},{"samt":0,"csamt":0,"ty":"ISD","camt":0,"iamt":0},{"samt":45000.0,"csamt":0.0,"ty":"OTH","camt":45000.0,"iamt":0.0}],"itc_net":{"samt":45000.0,"csamt":0.0,"camt":45000.0,"iamt":0.0},"itc_rev":[{"samt":0,"csamt":0,"ty":"RUL","camt":0,"iamt":0},{"samt":0,"csamt":0,"ty":"OTH","camt":0,"iamt":0}],"itc_inelg":[{"samt":0,"csamt":0,"ty":"RUL","camt":0,"iamt":0},{"samt":0,"csamt":0,"ty":"OTH","camt":0,"iamt":0}]},"inward_sup":{"isup_details":[{"intra":100000.0,"ty":"GST","inter":0.0},{"intra":0.0,"ty":"NONGST","inter":0.0}]},"intr_ltfee":{"intr_details":{"samt":0,"csamt":0,"camt":0,"iamt":0}}}